<?xml version="1.0" encoding="UTF-8" standalone="yes"?>
<!--
    Chocolate Batch Installer Manifest File
    
-->
<installer>
    <!--
        Addons is a required container for a list of addon username and addon_id pairs.
        Each container requires both pairs.
    -->
    <addons>
        <addon>
            <addon_id>plugin.video.tempest</addon_id>
            <username>Tempest0580</username>
        </addon>
        <addon>
            <addon_id>plugin.video.exodusredux</addon_id>
            <username>I-A-C</username>
        </addon>
        <addon>
            <addon_id>plugin.audio.mp3streams</addon_id>
            <username>EmuZONE</username>
        </addon>
        <addon>
            <addon_id>plugin.video.ccloud</addon_id>
            <username>darknessally</username>
        </addon>
        <addon>
            <addon_id>plugin.video.live.streamspro</addon_id>
            <username>dragonisz</username>
        </addon>
        <addon>
            <addon_id>plugin.video.SportsDevil</addon_id>
            <username>Goldengunrepo</username>
        </addon>
        <addon>
            <addon_id>plugin.video.temptv</addon_id>
            <username>Tempest0580</username>
        </addon>
        <addon>
            <addon_id>plugin.video.thecrew</addon_id>
            <username>thecrewwh</username>
        </addon>
        <addon>
            <addon_id>plugin.video.themagicdragon</addon_id>
            <username>PhantomRaspberryBlower</username>
        </addon>
        <addon>
            <addon_id>plugin.video.yoda</addon_id>
            <username>PhantomRaspberryBlower</username>
        </addon>
        <addon>
          
    </addons>
    <!--
        Configs is an optional container for a list of config files and destinations.
        This is not limited to config files; could include images, databases, etc.
        *** Be careful, this it will overwrite destinations. ***
        Each file is copied overwriting the distination.
        ./configs/test.xml will overwrite special://profile/addon_data/plugin.video.animaltv/test.xml
    
        Settings is an optional container for a list of addon settings key and value pairs.
    
        Optionally issue a series of built-in commands.
        *** Be careful, know what you are doing here! ***
    

        Optionally issue a series of JSONRPC commands.
        *** Be very careful, know what you are doing here! ***
    
            
</installer>
